{
	"partitions" : [
		{
			"name" : "Top",
			"pins" : [
				{
					"name" : "Result[0]",
					"strict" : false
				},
				{
					"name" : "Result[1]",
					"strict" : false
				},
				{
					"name" : "Result[2]",
					"strict" : false
				},
				{
					"name" : "Result[3]",
					"strict" : false
				},
				{
					"name" : "Result[4]",
					"strict" : false
				},
				{
					"name" : "OverFlow",
					"strict" : false
				},
				{
					"name" : "A[0]",
					"strict" : false
				},
				{
					"name" : "B[0]",
					"strict" : false
				},
				{
					"name" : "A[1]",
					"strict" : false
				},
				{
					"name" : "B[1]",
					"strict" : false
				},
				{
					"name" : "A[2]",
					"strict" : false
				},
				{
					"name" : "B[2]",
					"strict" : false
				},
				{
					"name" : "A[3]",
					"strict" : false
				},
				{
					"name" : "B[3]",
					"strict" : false
				},
				{
					"name" : "A[4]",
					"strict" : false
				},
				{
					"name" : "B[4]",
					"strict" : false
				}
			]
		}
	]
}